library_probe_hidden.txt	95
library_probe_visible.txt	71
reverse_exp_abs_path_20260707.txt	38
reverse_exp_archive_20260707.zip	128
reverse_exp_binary_20260707.png	69
reverse_exp_cross_stage_20260707.txt	35
reverse_exp_empty_20260707.txt	0
reverse_exp_rehandoff_20260707.txt	12
reverse_exp_same_segment_20260707.txt	33
reverse_exp_visibility_long_20260707.txt	32
session_test.txt	116
stageboundary_commentary_probe_20260707.txt	21
turncommit_p0_creation_only_20260707.txt	17
turncommit_p1_tool_stdout_20260707.txt	26
turncommit_p2_commentary_raw_20260707.txt	22
turncommit_p3_commentary_markdown_20260707.txt	28
turncommit_p4_final_raw_20260707.txt	17
turncommit_p5_final_markdown_20260707.txt	23
turncommit_p6_final_basename_20260707.txt	23
